id,name,created_at,updated_at
1,Wildlife/Nature,2014-07-05 18:08:19 UTC,2014-07-05 18:08:19 UTC
2,Comfort,2014-07-05 18:08:19 UTC,2014-07-05 18:08:19 UTC
3,Upgraded,2014-07-05 18:08:19 UTC,2014-07-05 18:08:19 UTC
4,NewTrips,2014-07-05 18:08:19 UTC,2014-07-05 18:08:19 UTC
5,SmallGroup,2014-07-05 18:08:19 UTC,2014-07-05 18:08:19 UTC
6,Family,2014-07-05 18:08:20 UTC,2014-07-05 18:08:20 UTC
7,Trekking/Hiking,2014-07-05 18:08:20 UTC,2014-07-05 18:08:20 UTC
8,Culture/History,2014-07-05 18:08:20 UTC,2014-07-05 18:08:20 UTC
9,Classic,2014-07-05 18:08:20 UTC,2014-07-05 18:08:20 UTC
10,Standard,2014-07-05 18:08:20 UTC,2014-07-05 18:08:20 UTC
11,Merchandising,2014-07-05 18:08:21 UTC,2014-07-05 18:08:21 UTC
12,DiscoveryAdventures,2014-07-05 18:08:22 UTC,2014-07-05 18:08:22 UTC
13,StaffPicks,2014-07-05 18:08:23 UTC,2014-07-05 18:08:23 UTC
14,Cycling,2014-07-05 18:08:23 UTC,2014-07-05 18:08:23 UTC
15,Active,2014-07-05 18:08:23 UTC,2014-07-05 18:08:23 UTC
16,Photography,2014-07-05 18:08:23 UTC,2014-07-05 18:08:23 UTC
17,Basic,2014-07-05 18:08:24 UTC,2014-07-05 18:08:24 UTC
18,Yolo,2014-07-05 18:08:24 UTC,2014-07-05 18:08:24 UTC
19,ChillOut,2014-07-05 18:08:25 UTC,2014-07-05 18:08:25 UTC
20,TopSeller,2014-07-05 18:08:29 UTC,2014-07-05 18:08:29 UTC
21,Bucketlist,2014-07-05 18:08:31 UTC,2014-07-05 18:08:31 UTC
22,Festivals,2014-07-05 18:08:34 UTC,2014-07-05 18:08:34 UTC
23,Volunteer,2014-07-05 18:08:37 UTC,2014-07-05 18:08:37 UTC
24,Yacht-basedAdventures,2014-07-05 18:08:45 UTC,2014-07-05 18:08:45 UTC
25,Marine,2014-07-05 18:08:45 UTC,2014-07-05 18:08:45 UTC
26,Rafting,2014-07-05 18:08:50 UTC,2014-07-05 18:08:50 UTC
27,PlaneterraProject,2014-07-05 18:08:58 UTC,2014-07-05 18:08:58 UTC
28,LocalLiving,2014-07-05 18:09:02 UTC,2014-07-05 18:09:02 UTC
29,Kayak/Canoe,2014-07-05 18:09:07 UTC,2014-07-05 18:09:07 UTC
30,LimitedEdition,2014-07-05 18:09:11 UTC,2014-07-05 18:09:11 UTC
31,IDBProject,2014-07-05 18:10:04 UTC,2014-07-05 18:10:04 UTC
32,PeakBagging,2014-07-05 18:10:20 UTC,2014-07-05 18:10:20 UTC
33,Camping,2014-07-05 18:10:22 UTC,2014-07-05 18:10:22 UTC
34,Adrenaline,2014-07-05 18:11:16 UTC,2014-07-05 18:11:16 UTC
35,Wifi,2014-07-05 18:13:07 UTC,2014-07-05 18:13:07 UTC
36,IndependentTravel,2014-07-05 18:14:55 UTC,2014-07-05 18:14:55 UTC
37,ExpeditionCruising,2014-07-05 18:16:03 UTC,2014-07-05 18:16:03 UTC
