id,category_id,adventure_id,created_at,updated_at
1,1,20,2014-07-05 18:35:32 UTC,2014-07-05 18:35:32 UTC
2,2,20,2014-07-05 18:35:32 UTC,2014-07-05 18:35:32 UTC
3,3,20,2014-07-05 18:35:32 UTC,2014-07-05 18:35:32 UTC
4,,20,2014-07-05 18:35:32 UTC,2014-07-05 18:35:32 UTC
5,4,20,2014-07-05 18:35:32 UTC,2014-07-05 18:35:32 UTC
6,5,20,2014-07-05 18:35:32 UTC,2014-07-05 18:35:32 UTC
7,6,21,2014-07-05 18:35:33 UTC,2014-07-05 18:35:33 UTC
8,6,21,2014-07-05 18:35:33 UTC,2014-07-05 18:35:33 UTC
9,3,21,2014-07-05 18:35:33 UTC,2014-07-05 18:35:33 UTC
10,,21,2014-07-05 18:35:33 UTC,2014-07-05 18:35:33 UTC
11,5,21,2014-07-05 18:35:33 UTC,2014-07-05 18:35:33 UTC
12,1,22,2014-07-05 18:35:33 UTC,2014-07-05 18:35:33 UTC
13,7,22,2014-07-05 18:35:33 UTC,2014-07-05 18:35:33 UTC
14,8,22,2014-07-05 18:35:33 UTC,2014-07-05 18:35:33 UTC
15,9,22,2014-07-05 18:35:33 UTC,2014-07-05 18:35:33 UTC
16,10,22,2014-07-05 18:35:33 UTC,2014-07-05 18:35:33 UTC
17,,22,2014-07-05 18:35:33 UTC,2014-07-05 18:35:33 UTC
18,4,22,2014-07-05 18:35:33 UTC,2014-07-05 18:35:33 UTC
19,5,22,2014-07-05 18:35:33 UTC,2014-07-05 18:35:33 UTC
20,1,23,2014-07-05 18:35:34 UTC,2014-07-05 18:35:34 UTC
21,7,23,2014-07-05 18:35:34 UTC,2014-07-05 18:35:34 UTC
22,8,23,2014-07-05 18:35:34 UTC,2014-07-05 18:35:34 UTC
23,9,23,2014-07-05 18:35:34 UTC,2014-07-05 18:35:34 UTC
24,10,23,2014-07-05 18:35:34 UTC,2014-07-05 18:35:34 UTC
25,,23,2014-07-05 18:35:34 UTC,2014-07-05 18:35:34 UTC
26,11,23,2014-07-05 18:35:34 UTC,2014-07-05 18:35:34 UTC
27,4,23,2014-07-05 18:35:34 UTC,2014-07-05 18:35:34 UTC
28,5,23,2014-07-05 18:35:34 UTC,2014-07-05 18:35:34 UTC
29,1,24,2014-07-05 18:35:34 UTC,2014-07-05 18:35:34 UTC
30,7,24,2014-07-05 18:35:34 UTC,2014-07-05 18:35:34 UTC
31,8,24,2014-07-05 18:35:34 UTC,2014-07-05 18:35:34 UTC
32,9,24,2014-07-05 18:35:34 UTC,2014-07-05 18:35:34 UTC
33,10,24,2014-07-05 18:35:34 UTC,2014-07-05 18:35:34 UTC
34,,24,2014-07-05 18:35:34 UTC,2014-07-05 18:35:34 UTC
35,11,24,2014-07-05 18:35:34 UTC,2014-07-05 18:35:34 UTC
36,4,24,2014-07-05 18:35:34 UTC,2014-07-05 18:35:34 UTC
37,5,24,2014-07-05 18:35:34 UTC,2014-07-05 18:35:34 UTC
38,1,25,2014-07-05 18:35:35 UTC,2014-07-05 18:35:35 UTC
39,8,25,2014-07-05 18:35:35 UTC,2014-07-05 18:35:35 UTC
40,12,25,2014-07-05 18:35:35 UTC,2014-07-05 18:35:35 UTC
41,3,25,2014-07-05 18:35:35 UTC,2014-07-05 18:35:35 UTC
42,,25,2014-07-05 18:35:35 UTC,2014-07-05 18:35:35 UTC
43,5,25,2014-07-05 18:35:35 UTC,2014-07-05 18:35:35 UTC
44,1,26,2014-07-05 18:35:36 UTC,2014-07-05 18:35:36 UTC
45,7,26,2014-07-05 18:35:36 UTC,2014-07-05 18:35:36 UTC
46,8,26,2014-07-05 18:35:36 UTC,2014-07-05 18:35:36 UTC
47,9,26,2014-07-05 18:35:36 UTC,2014-07-05 18:35:36 UTC
48,10,26,2014-07-05 18:35:36 UTC,2014-07-05 18:35:36 UTC
49,,26,2014-07-05 18:35:36 UTC,2014-07-05 18:35:36 UTC
50,5,26,2014-07-05 18:35:36 UTC,2014-07-05 18:35:36 UTC
51,8,27,2014-07-05 18:35:36 UTC,2014-07-05 18:35:36 UTC
52,2,27,2014-07-05 18:35:36 UTC,2014-07-05 18:35:36 UTC
53,3,27,2014-07-05 18:35:36 UTC,2014-07-05 18:35:36 UTC
54,,27,2014-07-05 18:35:36 UTC,2014-07-05 18:35:36 UTC
55,13,27,2014-07-05 18:35:36 UTC,2014-07-05 18:35:36 UTC
56,5,27,2014-07-05 18:35:36 UTC,2014-07-05 18:35:36 UTC
57,14,28,2014-07-05 18:35:36 UTC,2014-07-05 18:35:36 UTC
58,15,28,2014-07-05 18:35:36 UTC,2014-07-05 18:35:36 UTC
59,10,28,2014-07-05 18:35:36 UTC,2014-07-05 18:35:36 UTC
60,,28,2014-07-05 18:35:36 UTC,2014-07-05 18:35:36 UTC
61,4,28,2014-07-05 18:35:36 UTC,2014-07-05 18:35:36 UTC
62,5,28,2014-07-05 18:35:36 UTC,2014-07-05 18:35:36 UTC
63,16,29,2014-07-05 18:35:36 UTC,2014-07-05 18:35:36 UTC
64,8,29,2014-07-05 18:35:36 UTC,2014-07-05 18:35:36 UTC
65,9,29,2014-07-05 18:35:36 UTC,2014-07-05 18:35:36 UTC
66,10,29,2014-07-05 18:35:36 UTC,2014-07-05 18:35:36 UTC
67,,29,2014-07-05 18:35:36 UTC,2014-07-05 18:35:36 UTC
68,11,29,2014-07-05 18:35:36 UTC,2014-07-05 18:35:36 UTC
69,4,29,2014-07-05 18:35:36 UTC,2014-07-05 18:35:36 UTC
70,5,29,2014-07-05 18:35:36 UTC,2014-07-05 18:35:36 UTC
71,6,30,2014-07-05 18:35:37 UTC,2014-07-05 18:35:37 UTC
72,6,30,2014-07-05 18:35:37 UTC,2014-07-05 18:35:37 UTC
73,10,30,2014-07-05 18:35:37 UTC,2014-07-05 18:35:37 UTC
74,,30,2014-07-05 18:35:37 UTC,2014-07-05 18:35:37 UTC
75,4,30,2014-07-05 18:35:37 UTC,2014-07-05 18:35:37 UTC
76,5,30,2014-07-05 18:35:37 UTC,2014-07-05 18:35:37 UTC
77,16,31,2014-07-05 18:35:37 UTC,2014-07-05 18:35:37 UTC
78,1,31,2014-07-05 18:35:37 UTC,2014-07-05 18:35:37 UTC
79,8,31,2014-07-05 18:35:37 UTC,2014-07-05 18:35:37 UTC
80,9,31,2014-07-05 18:35:37 UTC,2014-07-05 18:35:37 UTC
81,3,31,2014-07-05 18:35:37 UTC,2014-07-05 18:35:37 UTC
82,,31,2014-07-05 18:35:37 UTC,2014-07-05 18:35:37 UTC
83,5,31,2014-07-05 18:35:37 UTC,2014-07-05 18:35:37 UTC
84,16,32,2014-07-05 18:35:37 UTC,2014-07-05 18:35:37 UTC
85,1,32,2014-07-05 18:35:37 UTC,2014-07-05 18:35:37 UTC
86,7,32,2014-07-05 18:35:37 UTC,2014-07-05 18:35:37 UTC
87,14,32,2014-07-05 18:35:37 UTC,2014-07-05 18:35:37 UTC
88,8,32,2014-07-05 18:35:37 UTC,2014-07-05 18:35:37 UTC
89,15,32,2014-07-05 18:35:37 UTC,2014-07-05 18:35:37 UTC
90,17,32,2014-07-05 18:35:37 UTC,2014-07-05 18:35:37 UTC
91,,32,2014-07-05 18:35:37 UTC,2014-07-05 18:35:37 UTC
92,11,32,2014-07-05 18:35:37 UTC,2014-07-05 18:35:37 UTC
93,4,32,2014-07-05 18:35:37 UTC,2014-07-05 18:35:37 UTC
94,5,32,2014-07-05 18:35:37 UTC,2014-07-05 18:35:37 UTC
95,8,33,2014-07-05 18:35:38 UTC,2014-07-05 18:35:38 UTC
96,18,33,2014-07-05 18:35:38 UTC,2014-07-05 18:35:38 UTC
97,17,33,2014-07-05 18:35:38 UTC,2014-07-05 18:35:38 UTC
98,,33,2014-07-05 18:35:38 UTC,2014-07-05 18:35:38 UTC
99,5,33,2014-07-05 18:35:38 UTC,2014-07-05 18:35:38 UTC
100,19,34,2014-07-05 18:35:38 UTC,2014-07-05 18:35:38 UTC
101,8,34,2014-07-05 18:35:38 UTC,2014-07-05 18:35:38 UTC
102,9,34,2014-07-05 18:35:38 UTC,2014-07-05 18:35:38 UTC
103,10,34,2014-07-05 18:35:38 UTC,2014-07-05 18:35:38 UTC
104,,34,2014-07-05 18:35:38 UTC,2014-07-05 18:35:38 UTC
105,5,34,2014-07-05 18:35:38 UTC,2014-07-05 18:35:38 UTC
106,8,35,2014-07-05 18:35:39 UTC,2014-07-05 18:35:39 UTC
107,9,35,2014-07-05 18:35:39 UTC,2014-07-05 18:35:39 UTC
108,10,35,2014-07-05 18:35:39 UTC,2014-07-05 18:35:39 UTC
109,,35,2014-07-05 18:35:39 UTC,2014-07-05 18:35:39 UTC
110,4,35,2014-07-05 18:35:39 UTC,2014-07-05 18:35:39 UTC
111,5,35,2014-07-05 18:35:39 UTC,2014-07-05 18:35:39 UTC
112,16,36,2014-07-05 18:35:39 UTC,2014-07-05 18:35:39 UTC
113,8,36,2014-07-05 18:35:39 UTC,2014-07-05 18:35:39 UTC
114,12,36,2014-07-05 18:35:39 UTC,2014-07-05 18:35:39 UTC
115,3,36,2014-07-05 18:35:39 UTC,2014-07-05 18:35:39 UTC
116,,36,2014-07-05 18:35:39 UTC,2014-07-05 18:35:39 UTC
117,5,36,2014-07-05 18:35:39 UTC,2014-07-05 18:35:39 UTC
118,8,37,2014-07-05 18:35:40 UTC,2014-07-05 18:35:40 UTC
119,9,37,2014-07-05 18:35:40 UTC,2014-07-05 18:35:40 UTC
120,10,37,2014-07-05 18:35:40 UTC,2014-07-05 18:35:40 UTC
121,,37,2014-07-05 18:35:40 UTC,2014-07-05 18:35:40 UTC
122,5,37,2014-07-05 18:35:40 UTC,2014-07-05 18:35:40 UTC
123,8,38,2014-07-05 18:35:40 UTC,2014-07-05 18:35:40 UTC
124,2,38,2014-07-05 18:35:40 UTC,2014-07-05 18:35:40 UTC
125,3,38,2014-07-05 18:35:40 UTC,2014-07-05 18:35:40 UTC
126,,38,2014-07-05 18:35:40 UTC,2014-07-05 18:35:40 UTC
127,4,38,2014-07-05 18:35:40 UTC,2014-07-05 18:35:40 UTC
128,5,38,2014-07-05 18:35:40 UTC,2014-07-05 18:35:40 UTC
129,1,39,2014-07-05 18:35:41 UTC,2014-07-05 18:35:41 UTC
130,8,39,2014-07-05 18:35:41 UTC,2014-07-05 18:35:41 UTC
131,9,39,2014-07-05 18:35:41 UTC,2014-07-05 18:35:41 UTC
132,10,39,2014-07-05 18:35:41 UTC,2014-07-05 18:35:41 UTC
133,,39,2014-07-05 18:35:41 UTC,2014-07-05 18:35:41 UTC
134,5,39,2014-07-05 18:35:41 UTC,2014-07-05 18:35:41 UTC
135,8,40,2014-07-05 18:35:41 UTC,2014-07-05 18:35:41 UTC
136,9,40,2014-07-05 18:35:41 UTC,2014-07-05 18:35:41 UTC
137,10,40,2014-07-05 18:35:41 UTC,2014-07-05 18:35:41 UTC
138,,40,2014-07-05 18:35:41 UTC,2014-07-05 18:35:41 UTC
139,5,40,2014-07-05 18:35:41 UTC,2014-07-05 18:35:41 UTC
140,16,41,2014-07-05 18:35:41 UTC,2014-07-05 18:35:41 UTC
141,1,41,2014-07-05 18:35:41 UTC,2014-07-05 18:35:41 UTC
142,8,41,2014-07-05 18:35:41 UTC,2014-07-05 18:35:41 UTC
143,12,41,2014-07-05 18:35:41 UTC,2014-07-05 18:35:41 UTC
144,3,41,2014-07-05 18:35:41 UTC,2014-07-05 18:35:41 UTC
145,,41,2014-07-05 18:35:41 UTC,2014-07-05 18:35:41 UTC
146,5,41,2014-07-05 18:35:41 UTC,2014-07-05 18:35:41 UTC
147,16,42,2014-07-05 18:35:42 UTC,2014-07-05 18:35:42 UTC
148,1,42,2014-07-05 18:35:42 UTC,2014-07-05 18:35:42 UTC
149,8,42,2014-07-05 18:35:42 UTC,2014-07-05 18:35:42 UTC
150,9,42,2014-07-05 18:35:42 UTC,2014-07-05 18:35:42 UTC
151,10,42,2014-07-05 18:35:42 UTC,2014-07-05 18:35:42 UTC
152,,42,2014-07-05 18:35:42 UTC,2014-07-05 18:35:42 UTC
153,11,42,2014-07-05 18:35:42 UTC,2014-07-05 18:35:42 UTC
154,20,42,2014-07-05 18:35:42 UTC,2014-07-05 18:35:42 UTC
155,5,42,2014-07-05 18:35:42 UTC,2014-07-05 18:35:42 UTC
156,19,43,2014-07-05 18:35:42 UTC,2014-07-05 18:35:42 UTC
157,6,43,2014-07-05 18:35:42 UTC,2014-07-05 18:35:42 UTC
158,8,43,2014-07-05 18:35:42 UTC,2014-07-05 18:35:42 UTC
159,6,43,2014-07-05 18:35:42 UTC,2014-07-05 18:35:42 UTC
160,3,43,2014-07-05 18:35:42 UTC,2014-07-05 18:35:42 UTC
161,,43,2014-07-05 18:35:42 UTC,2014-07-05 18:35:42 UTC
162,13,43,2014-07-05 18:35:42 UTC,2014-07-05 18:35:42 UTC
163,5,43,2014-07-05 18:35:42 UTC,2014-07-05 18:35:42 UTC
164,1,44,2014-07-05 18:35:43 UTC,2014-07-05 18:35:43 UTC
165,7,44,2014-07-05 18:35:43 UTC,2014-07-05 18:35:43 UTC
166,14,44,2014-07-05 18:35:43 UTC,2014-07-05 18:35:43 UTC
167,8,44,2014-07-05 18:35:43 UTC,2014-07-05 18:35:43 UTC
168,15,44,2014-07-05 18:35:43 UTC,2014-07-05 18:35:43 UTC
169,10,44,2014-07-05 18:35:43 UTC,2014-07-05 18:35:43 UTC
170,,44,2014-07-05 18:35:43 UTC,2014-07-05 18:35:43 UTC
171,4,44,2014-07-05 18:35:43 UTC,2014-07-05 18:35:43 UTC
172,5,44,2014-07-05 18:35:43 UTC,2014-07-05 18:35:43 UTC
173,19,45,2014-07-05 18:35:44 UTC,2014-07-05 18:35:44 UTC
174,1,45,2014-07-05 18:35:44 UTC,2014-07-05 18:35:44 UTC
175,14,45,2014-07-05 18:35:44 UTC,2014-07-05 18:35:44 UTC
176,8,45,2014-07-05 18:35:44 UTC,2014-07-05 18:35:44 UTC
177,9,45,2014-07-05 18:35:44 UTC,2014-07-05 18:35:44 UTC
178,10,45,2014-07-05 18:35:44 UTC,2014-07-05 18:35:44 UTC
179,,45,2014-07-05 18:35:44 UTC,2014-07-05 18:35:44 UTC
180,5,45,2014-07-05 18:35:44 UTC,2014-07-05 18:35:44 UTC
181,1,46,2014-07-05 18:35:44 UTC,2014-07-05 18:35:44 UTC
182,7,46,2014-07-05 18:35:44 UTC,2014-07-05 18:35:44 UTC
183,8,46,2014-07-05 18:35:44 UTC,2014-07-05 18:35:44 UTC
184,9,46,2014-07-05 18:35:44 UTC,2014-07-05 18:35:44 UTC
185,10,46,2014-07-05 18:35:44 UTC,2014-07-05 18:35:44 UTC
186,,46,2014-07-05 18:35:44 UTC,2014-07-05 18:35:44 UTC
187,5,46,2014-07-05 18:35:44 UTC,2014-07-05 18:35:44 UTC
188,16,47,2014-07-05 18:35:44 UTC,2014-07-05 18:35:44 UTC
189,1,47,2014-07-05 18:35:44 UTC,2014-07-05 18:35:44 UTC
190,8,47,2014-07-05 18:35:44 UTC,2014-07-05 18:35:44 UTC
191,9,47,2014-07-05 18:35:44 UTC,2014-07-05 18:35:44 UTC
192,10,47,2014-07-05 18:35:44 UTC,2014-07-05 18:35:44 UTC
193,,47,2014-07-05 18:35:44 UTC,2014-07-05 18:35:44 UTC
194,4,47,2014-07-05 18:35:44 UTC,2014-07-05 18:35:44 UTC
195,5,47,2014-07-05 18:35:44 UTC,2014-07-05 18:35:44 UTC
196,21,47,2014-07-05 18:35:44 UTC,2014-07-05 18:35:44 UTC
197,16,48,2014-07-05 18:35:45 UTC,2014-07-05 18:35:45 UTC
198,1,48,2014-07-05 18:35:45 UTC,2014-07-05 18:35:45 UTC
199,8,48,2014-07-05 18:35:45 UTC,2014-07-05 18:35:45 UTC
200,9,48,2014-07-05 18:35:45 UTC,2014-07-05 18:35:45 UTC
201,17,48,2014-07-05 18:35:45 UTC,2014-07-05 18:35:45 UTC
202,,48,2014-07-05 18:35:45 UTC,2014-07-05 18:35:45 UTC
203,4,48,2014-07-05 18:35:45 UTC,2014-07-05 18:35:45 UTC
204,5,48,2014-07-05 18:35:45 UTC,2014-07-05 18:35:45 UTC
205,1,49,2014-07-05 18:35:45 UTC,2014-07-05 18:35:45 UTC
206,8,49,2014-07-05 18:35:45 UTC,2014-07-05 18:35:45 UTC
207,18,49,2014-07-05 18:35:45 UTC,2014-07-05 18:35:45 UTC
208,17,49,2014-07-05 18:35:45 UTC,2014-07-05 18:35:45 UTC
209,,49,2014-07-05 18:35:45 UTC,2014-07-05 18:35:45 UTC
210,5,49,2014-07-05 18:35:45 UTC,2014-07-05 18:35:45 UTC
211,1,50,2014-07-05 18:35:46 UTC,2014-07-05 18:35:46 UTC
212,8,50,2014-07-05 18:35:46 UTC,2014-07-05 18:35:46 UTC
213,18,50,2014-07-05 18:35:46 UTC,2014-07-05 18:35:46 UTC
214,17,50,2014-07-05 18:35:46 UTC,2014-07-05 18:35:46 UTC
215,,50,2014-07-05 18:35:46 UTC,2014-07-05 18:35:46 UTC
216,5,50,2014-07-05 18:35:46 UTC,2014-07-05 18:35:46 UTC
217,1,51,2014-07-05 18:35:47 UTC,2014-07-05 18:35:47 UTC
218,8,51,2014-07-05 18:35:47 UTC,2014-07-05 18:35:47 UTC
219,18,51,2014-07-05 18:35:47 UTC,2014-07-05 18:35:47 UTC
220,17,51,2014-07-05 18:35:47 UTC,2014-07-05 18:35:47 UTC
221,,51,2014-07-05 18:35:47 UTC,2014-07-05 18:35:47 UTC
222,5,51,2014-07-05 18:35:47 UTC,2014-07-05 18:35:47 UTC
223,1,52,2014-07-05 18:35:47 UTC,2014-07-05 18:35:47 UTC
224,8,52,2014-07-05 18:35:47 UTC,2014-07-05 18:35:47 UTC
225,18,52,2014-07-05 18:35:47 UTC,2014-07-05 18:35:47 UTC
226,17,52,2014-07-05 18:35:47 UTC,2014-07-05 18:35:47 UTC
227,,52,2014-07-05 18:35:47 UTC,2014-07-05 18:35:47 UTC
228,20,52,2014-07-05 18:35:47 UTC,2014-07-05 18:35:47 UTC
229,5,52,2014-07-05 18:35:47 UTC,2014-07-05 18:35:47 UTC
230,1,53,2014-07-05 18:35:47 UTC,2014-07-05 18:35:47 UTC
231,8,53,2014-07-05 18:35:47 UTC,2014-07-05 18:35:47 UTC
232,18,53,2014-07-05 18:35:47 UTC,2014-07-05 18:35:47 UTC
233,17,53,2014-07-05 18:35:47 UTC,2014-07-05 18:35:47 UTC
234,,53,2014-07-05 18:35:47 UTC,2014-07-05 18:35:47 UTC
235,20,53,2014-07-05 18:35:47 UTC,2014-07-05 18:35:47 UTC
236,5,53,2014-07-05 18:35:47 UTC,2014-07-05 18:35:47 UTC
237,22,54,2014-07-05 18:35:48 UTC,2014-07-05 18:35:48 UTC
238,1,54,2014-07-05 18:35:48 UTC,2014-07-05 18:35:48 UTC
239,7,54,2014-07-05 18:35:48 UTC,2014-07-05 18:35:48 UTC
240,8,54,2014-07-05 18:35:48 UTC,2014-07-05 18:35:48 UTC
241,10,54,2014-07-05 18:35:48 UTC,2014-07-05 18:35:48 UTC
242,,54,2014-07-05 18:35:48 UTC,2014-07-05 18:35:48 UTC
243,5,54,2014-07-05 18:35:48 UTC,2014-07-05 18:35:48 UTC
244,16,55,2014-07-05 18:35:48 UTC,2014-07-05 18:35:48 UTC
245,1,55,2014-07-05 18:35:48 UTC,2014-07-05 18:35:48 UTC
246,8,55,2014-07-05 18:35:48 UTC,2014-07-05 18:35:48 UTC
247,9,55,2014-07-05 18:35:48 UTC,2014-07-05 18:35:48 UTC
248,10,55,2014-07-05 18:35:48 UTC,2014-07-05 18:35:48 UTC
249,,55,2014-07-05 18:35:48 UTC,2014-07-05 18:35:48 UTC
250,4,55,2014-07-05 18:35:48 UTC,2014-07-05 18:35:48 UTC
251,5,55,2014-07-05 18:35:48 UTC,2014-07-05 18:35:48 UTC
